keyword1,keyword2,keyword3,keyword4,keyword5,keyword6,keyword7,keyword8,keyword9,keyword10,keyword11,keyword12,keyword13,keyword14,keyword15
1,2,7,8,4,2,1,0,0,1,0,0,0,0,1
2,5,3,4,9,0,0,0,0,1,0,0,0,1,3
2,2,5,9,0,3,1,0,0,0,1,0,0,1,2
3,3,0,7,8,1,0,0,1,0,1,0,0,1,0
4,2,1,2,8,8,0,1,0,0,0,1,0,0,1
2,1,1,1,3,9,7,3,2,2,0,0,0,0,1
1,1,0,0,2,1,8,8,6,1,1,1,0,0,0
0,0,0,0,1,0,8,7,9,1,1,1,0,0,0
0,0,0,0,0,1,0,8,6,5,1,1,0,0,0
0,0,0,0,1,0,3,7,2,9,0,2,0,0,0
0,0,0,0,1,0,3,4,6,9,5,2,0,0,0
0,0,0,0,0,0,0,7,5,0,0,2,0,5,0
0,0,1,0,0,0,0,3,6,7,9,6,0,0,0
0,0,0,0,0,0,1,0,0,6,9,7,5,0,1
1,1,0,0,0,0,1,0,0,1,9,7,5,0,1
1,0,0,0,0,0,1,0,0,2,3,2,3,0,1
1,2,0,0,0,0,1,0,0,1,2,3,5,7,9
1,1,0,0,0,0,1,0,0,2,0,4,3,7,1
0,0,0,0,0,0,1,0,0,1,1,8,2,9,3
2,1,0,0,0,0,1,0,0,0,1,7,9,6,2